id,user_id,opportunity_id,created_at,status,total_hours
39e3585d-7575-4cee-9235-6373e4ba1b28,09ff8bd0-83f4-431d-8025-ba49d5ce9f5d,ba265911-b590-4aee-8c21-1402948c811f,"2025-12-20 14:57:31.120845+00",,2.5
64d79dde-5d5a-4372-b770-3fb5bcfbdb0b,cf878c5d-6d3c-4feb-b421-b7e7371f4d48,50623e69-1c34-4e81-bbc5-aede1cc6f62a,"2025-12-03 23:29:55.933488+00",,1.5
973888bd-160a-48f2-a7ec-d2a8a313190f,ecc4c04d-9ba9-448c-8b4b-0d638354885b,13b00d3e-04ca-4f3e-8b84-955d3cab14ec,"2025-11-26 14:18:59.75254+00",,2
7be1e5e0-745b-4d6e-9b34-c196f2a24c22,31c76a52-fd0a-48f2-a1f3-d06b09b412fa,eea1ff4e-41ca-43c6-9e24-1631a1178845,"2025-12-03 23:34:32.537626+00",,2.5
43c34bf1-04b9-49c4-92b4-af6d236eb41c,ad70bfbc-6bf0-4ad8-ac34-9cf06220ffad,13b00d3e-04ca-4f3e-8b84-955d3cab14ec,"2025-11-21 03:57:17.305615+00",,2
7db96ecd-6a47-4a44-85f1-9df725248712,b5161779-1690-4c41-95e8-8461c8390faf,e005aa06-06c1-4256-be76-6ed6ce542175,"2025-11-22 23:51:26.84436+00",,4
eafe6a0e-6715-4700-819e-4de96b26c6f9,5e180f5d-9639-42f2-b0c3-5468f2e1da1a,e005aa06-06c1-4256-be76-6ed6ce542175,"2025-12-04 16:01:45.953255+00",,2.75
bae38e0e-ea58-431f-a236-71fe794206fb,5e180f5d-9639-42f2-b0c3-5468f2e1da1a,256afc9a-04f8-4ccc-bfe6-3ba0f8e4ac6d,"2025-11-21 04:26:23.473066+00",,3
8b906a20-920c-48ae-b406-7c5b62413018,11a18deb-f6c3-44cc-8b4a-eaf5dc5cdeb8,e005aa06-06c1-4256-be76-6ed6ce542175,"2025-12-04 22:23:45.568241+00",,2.75
dcc1f542-459a-42f4-87e3-50cf1d00dcb0,a645db1d-11a9-4162-a627-0c53ebb9bf80,e005aa06-06c1-4256-be76-6ed6ce542175,"2025-12-04 20:56:48.351927+00",,2.25
3450c11a-6402-4e00-b008-755462816c66,09ff8bd0-83f4-431d-8025-ba49d5ce9f5d,e005aa06-06c1-4256-be76-6ed6ce542175,"2025-12-05 16:12:16.262405+00",,2
6b8807b0-e723-409f-9fb3-ea7795e252d3,6e0be732-0ee3-4bb6-a965-9c98242d97e5,e005aa06-06c1-4256-be76-6ed6ce542175,"2025-12-06 04:31:30.116589+00",,2.25
80c5e20b-eeaf-4d3b-bd3b-bf447d21f724,225dbd75-0339-4347-96ab-455ea34d3c76,eea1ff4e-41ca-43c6-9e24-1631a1178845,"2025-11-21 18:30:07.812931+00",,2
8ea814ab-9cf8-4b36-aa4c-811c3e6c437d,3f72d4c9-7ffd-4678-9a10-1ecab275ae55,e005aa06-06c1-4256-be76-6ed6ce542175,"2025-12-04 22:49:34.400475+00",,2
074fffbd-01f7-4d74-8bc4-1bef0bdf76f6,a8a18bc5-432a-481c-827f-93855145a279,e005aa06-06c1-4256-be76-6ed6ce542175,"2025-12-05 20:45:26.510403+00",,2.25
f94ad707-059b-4705-9eaa-afe603631582,f7d73f82-6eb0-448e-b9d8-b871db4bca8e,e005aa06-06c1-4256-be76-6ed6ce542175,"2025-12-06 01:38:38.06024+00",,2.25
1eee5779-f217-4bcb-a0fe-f27a15141acd,b5161779-1690-4c41-95e8-8461c8390faf,f6d38268-772b-42bf-8f92-312fab84f409,"2025-11-30 14:13:00.423382+00",,2
0dd5e003-341f-4ca4-a810-998f71575f19,18193cee-737f-41f9-8683-1a7db95345bf,e005aa06-06c1-4256-be76-6ed6ce542175,"2025-12-05 15:21:35.532165+00",,2.25
948cd34d-12f3-4a75-bbf3-de0562a28ebc,34be494c-ac31-4351-953f-4d45d2abe117,e005aa06-06c1-4256-be76-6ed6ce542175,"2025-12-06 02:41:59.204006+00",,2
6d26617b-2f19-4b32-8c1a-3c147e7b2672,123f4f0d-f9e9-4bcd-81b9-d45121ee60cd,e005aa06-06c1-4256-be76-6ed6ce542175,"2025-12-06 15:10:12.551946+00",,1.75
0d73e4d3-daa0-48d6-b823-ca66b0f25b44,27acb628-a721-4bf5-8a75-e5ee22824a4f,e005aa06-06c1-4256-be76-6ed6ce542175,"2025-12-04 04:26:47.46215+00",,2.25
aa16d258-7109-48af-a842-4bed86fbd412,a645db1d-11a9-4162-a627-0c53ebb9bf80,9051f645-1fe1-4ab6-a93c-2ec831a3b9ae,"2025-12-09 22:45:29.426945+00",,2.5
6f88c8ba-85b2-4fa1-99d6-04631737d667,0fe973b4-b2f7-4582-a551-f21514e0c315,9051f645-1fe1-4ab6-a93c-2ec831a3b9ae,"2025-12-09 22:24:21.028391+00",,2.5
6854fdca-9c0e-4b97-9dde-5cfe90da1e7f,a8a18bc5-432a-481c-827f-93855145a279,ba265911-b590-4aee-8c21-1402948c811f,"2025-12-04 08:36:49.568597+00",,2.25
14aabe7d-d6a9-49b4-b9a1-9204d38ad08a,23c25558-1a99-425c-aada-b859b2c9341f,eea1ff4e-41ca-43c6-9e24-1631a1178845,"2025-12-03 22:09:32.292176+00",,2.5
7948e94e-af21-4fd7-b161-e8b45d88ae9d,b5161779-1690-4c41-95e8-8461c8390faf,256afc9a-04f8-4ccc-bfe6-3ba0f8e4ac6d,"2025-11-22 23:50:56.212231+00",,3
e354dbee-d754-4478-bc82-617b4592e2fd,dda76ed2-72f9-4a71-b50f-750de5d88102,eea1ff4e-41ca-43c6-9e24-1631a1178845,"2025-12-03 13:18:42.873061+00",,2.25
3fa69e60-50ca-4435-8a7a-2665cfb149ae,844cf2a4-6334-47d7-a9f7-408c56947691,eea1ff4e-41ca-43c6-9e24-1631a1178845,"2025-12-03 15:05:17.385476+00",,2.25
6e26c61a-309f-4438-b00a-d459794f1187,397ca719-3001-46a2-a8d5-08e5cb46b59d,eea1ff4e-41ca-43c6-9e24-1631a1178845,"2025-12-03 16:41:36.038474+00",,2.25
84ee2eac-d3fd-4066-87ce-6080db5b4f18,70238283-e27e-479a-864d-8471b35c79ab,eea1ff4e-41ca-43c6-9e24-1631a1178845,"2025-12-03 13:13:46.769825+00",,2.25
ee2799db-5203-4f51-85a6-8695b0b7714f,31c76a52-fd0a-48f2-a1f3-d06b09b412fa,230cef7f-5ba5-484d-bd87-67a63a7e5cb6,"2025-12-03 23:34:44.422421+00",,2.25
a9a808c1-be9a-416e-b490-1de05974ab0b,d3f2b516-b461-4941-beda-9d8443e8362e,230cef7f-5ba5-484d-bd87-67a63a7e5cb6,"2025-12-04 00:12:49.152938+00",,2.25
14fda8de-26a6-4164-8f8e-7e06e0ddf4fd,23c25558-1a99-425c-aada-b859b2c9341f,230cef7f-5ba5-484d-bd87-67a63a7e5cb6,"2025-12-03 22:09:44.557116+00",,2.25
f3f9292a-736c-4c6c-9e19-380835f7e90f,27fee74f-3b9d-4de4-97f4-dcebd100957f,230cef7f-5ba5-484d-bd87-67a63a7e5cb6,"2025-12-09 22:59:53.307254+00",,2.25
0eaf1a82-fdf7-4126-ae37-fbda6b83d8af,27acb628-a721-4bf5-8a75-e5ee22824a4f,eca2e03c-7094-45bb-bd92-154a1fd33f1f,"2025-12-09 22:37:43.532078+00",,2.25
d3305c02-ecc6-4d78-817a-cae78ec2ee5b,64a64fc7-654e-4eaa-a733-7659481c4cb5,aba54d62-0f22-43a0-a5f7-607a89780eae,"2025-12-03 21:28:04.534987+00",,1.5
8c895162-e888-495c-ba61-13bb560fce50,6a3f4c6b-991b-4779-a427-cfb108b3e7d2,a31c03f8-42d5-4ff9-911d-8952772557f4,"2025-12-20 01:04:06.479433+00",,2.5
376a447f-bf3f-4202-89c6-bc905534430d,cf878c5d-6d3c-4feb-b421-b7e7371f4d48,bab4c1d0-82be-49cb-b2d1-53f8c7d3bb96,"2025-12-03 23:28:48.431299+00",,2.25
b72a1ea6-d6ba-4dde-87ac-ce80f2e96429,23c25558-1a99-425c-aada-b859b2c9341f,932dac7e-4232-474c-8dc8-a72ebcea22e2,"2025-12-03 22:09:52.486844+00",,2
9e846269-a131-4516-acf3-6068b3c717f2,cf878c5d-6d3c-4feb-b421-b7e7371f4d48,2d395112-3a74-4995-a9e5-326a13b3113d,"2025-11-21 04:03:57.896994+00",,2.5
f46f705c-c2b0-4b72-a739-c4d9af877d5b,b4de7177-7df9-44c0-af19-657e69198f51,bab4c1d0-82be-49cb-b2d1-53f8c7d3bb96,"2025-12-04 02:11:22.856327+00",,2.25
756ba951-1b12-4998-9882-6d1b7fa4d10d,e6661d87-fc33-4788-bd0f-2e3fc2473486,bab4c1d0-82be-49cb-b2d1-53f8c7d3bb96,"2025-12-09 17:40:10.896129+00",,2.25
11c9c63d-2f4a-4d74-b765-a62d4c209ccf,b9c8c5c0-fe58-4d52-b05a-87f767cf22d7,2411032e-76ff-42a2-8635-92681bffd3c1,"2025-12-06 19:18:35.831774+00",,1.5
c6189fab-568f-48b3-80fd-6074cf4a74cd,64a64fc7-654e-4eaa-a733-7659481c4cb5,256afc9a-04f8-4ccc-bfe6-3ba0f8e4ac6d,"2025-11-21 04:36:22.624679+00",,3
3f59b4c7-cc7a-41d1-89fc-3200da773de9,cf878c5d-6d3c-4feb-b421-b7e7371f4d48,2411032e-76ff-42a2-8635-92681bffd3c1,"2025-12-03 23:28:08.49835+00",,1.5
01be8622-cfa6-46bb-b631-acfbc0e706aa,64a64fc7-654e-4eaa-a733-7659481c4cb5,2411032e-76ff-42a2-8635-92681bffd3c1,"2025-12-03 21:27:39.264568+00",,1.5
da50424d-5afc-4d28-954b-061228ded382,d8ddd623-637f-48a8-b4ec-387112e38312,2411032e-76ff-42a2-8635-92681bffd3c1,"2025-12-05 20:58:15.330031+00",,1.5
a7effaf8-d915-4a2e-a28f-c15c71f6e832,b4de7177-7df9-44c0-af19-657e69198f51,2411032e-76ff-42a2-8635-92681bffd3c1,"2025-12-04 02:11:00.490758+00",,1.5
ec2b47f0-a7c9-4997-a4cf-e0240ca4226e,de12fe11-0254-4859-81c8-4e4bbc8d16c7,f6d38268-772b-42bf-8f92-312fab84f409,"2025-12-03 17:07:44.005931+00",,2
0461dcfa-a6e1-4f7d-9fc9-32541e425fc5,688e4946-aa29-4fc0-a167-4daf2d3e41ad,eea1ff4e-41ca-43c6-9e24-1631a1178845,"2025-12-03 17:46:23.636315+00",,2
1bcb4243-5ab6-4f81-b957-1306868e40ab,a8bb8a32-74de-4998-b301-2c358643ed88,f6d38268-772b-42bf-8f92-312fab84f409,"2025-12-03 17:53:50.96563+00",,2
a9d56aec-e8bd-4678-a384-b77d2f72a5e9,123f4f0d-f9e9-4bcd-81b9-d45121ee60cd,2411032e-76ff-42a2-8635-92681bffd3c1,"2025-12-05 23:01:14.970875+00",,1.5
437066d9-08d0-4a22-8e33-d239e3bc90e0,03a4ac46-214c-4ebd-bc27-38eae02a7770,2411032e-76ff-42a2-8635-92681bffd3c1,"2025-12-06 15:58:05.131971+00",,1.5
588391b2-6fa7-48a2-aae7-ceaa46cd52ee,73e00eda-9caf-4dfe-b0cd-93f143a2989d,2411032e-76ff-42a2-8635-92681bffd3c1,"2025-12-06 06:45:59.938322+00",,1.5
1e0b54ce-579f-439b-8852-32a2b16b8a8e,31c76a52-fd0a-48f2-a1f3-d06b09b412fa,932dac7e-4232-474c-8dc8-a72ebcea22e2,"2025-12-03 23:34:55.125989+00",,2
c9bed9be-f655-4d8f-9e72-843ed202cd1e,b5161779-1690-4c41-95e8-8461c8390faf,457907ee-2f4e-47fa-a0da-36975bc6ff97,"2025-11-24 18:56:47.906413+00",,1.75
33ee1827-3dd8-42b9-96de-1b896c0d085e,23c25558-1a99-425c-aada-b859b2c9341f,66e1d6f4-a618-4abd-b7cc-95f0cccf87f6,"2025-12-21 13:25:08.768656+00",,2.5
e843778b-75d2-40f4-98b2-231e2bdbba32,81fd0d4a-671f-443b-96af-b88906d3bffd,f6d38268-772b-42bf-8f92-312fab84f409,"2025-12-04 04:21:51.669115+00",,2
1ac827b1-d9c8-4294-8a4c-063f6c219434,27acb628-a721-4bf5-8a75-e5ee22824a4f,f6d38268-772b-42bf-8f92-312fab84f409,"2025-12-04 04:29:10.875593+00",,2
67af89b9-99d7-410a-bcbf-5da6f8d5fb4d,d3f2b516-b461-4941-beda-9d8443e8362e,66e1d6f4-a618-4abd-b7cc-95f0cccf87f6,"2025-12-04 00:13:50.697295+00",,2.5
f9bbc118-42e7-40b9-a07f-5bcff0d570ce,25b411b8-f881-43b8-8a7f-225f032e7fd3,f6d38268-772b-42bf-8f92-312fab84f409,"2025-12-04 08:19:14.290523+00",,2
d3742836-c7c3-47c7-b403-0a9932ab7997,27fee74f-3b9d-4de4-97f4-dcebd100957f,eea1ff4e-41ca-43c6-9e24-1631a1178845,"2025-12-04 17:10:38.353885+00",,2
6052e5e8-fac3-4078-82c5-bba6d143cc40,27fee74f-3b9d-4de4-97f4-dcebd100957f,f6d38268-772b-42bf-8f92-312fab84f409,"2025-12-05 03:12:59.105472+00",,2
d296bc43-1524-4235-9aa9-80a18894275c,f6a4bbb1-3b03-445e-b52a-a9642780b68e,f6d38268-772b-42bf-8f92-312fab84f409,"2025-12-05 22:31:23.946803+00",,2
b0741518-3c7d-4d28-ada8-4209ca1af03b,7369c371-46fe-4b69-991f-8312bcc4c4fc,f6d38268-772b-42bf-8f92-312fab84f409,"2025-12-05 22:50:39.906836+00",,2
c21ce607-23ea-4983-a06c-6fa2a7184d58,28fd1b5e-8437-44f4-a8a6-490b6d64ff71,eea1ff4e-41ca-43c6-9e24-1631a1178845,"2025-12-06 17:12:34.771657+00",,2
411df98b-89c3-4cdc-bb80-115e534f4cf8,5e180f5d-9639-42f2-b0c3-5468f2e1da1a,9051f645-1fe1-4ab6-a93c-2ec831a3b9ae,"2025-12-08 17:58:05.04705+00",,3
c26e54d2-0594-4b9c-a8ce-df5425e7fa92,b5161779-1690-4c41-95e8-8461c8390faf,eca2e03c-7094-45bb-bd92-154a1fd33f1f,"2025-11-30 14:13:14.142051+00",,2
b407fd63-341a-474a-9cc3-4a00640666da,d2eedcd5-bcde-4b36-85c4-907fc938b7b7,eca2e03c-7094-45bb-bd92-154a1fd33f1f,"2025-12-03 23:05:45.265231+00",,2
83b122b1-d824-4ee3-92af-9ec65dbd22e5,de12fe11-0254-4859-81c8-4e4bbc8d16c7,eca2e03c-7094-45bb-bd92-154a1fd33f1f,"2025-12-08 03:16:04.536972+00",,2
2f04eccd-75a9-4cf2-b660-05ae9ee167a1,416451e3-a57f-4d2d-95e4-634258bd5c68,f6d38268-772b-42bf-8f92-312fab84f409,"2025-12-06 00:23:58.098535+00",,1.75
1ab621aa-bf2a-47eb-965a-401e6386ae70,f83ad514-8e8a-47df-91df-412ce5a467ca,eca2e03c-7094-45bb-bd92-154a1fd33f1f,"2025-12-09 23:26:36.441864+00",,2
fa3f9b1b-c1a5-40bc-9d33-59f827f892d5,11a18deb-f6c3-44cc-8b4a-eaf5dc5cdeb8,9051f645-1fe1-4ab6-a93c-2ec831a3b9ae,"2025-12-10 15:45:03.314615+00",,3
6a1267eb-897e-42fa-be03-96143317f34c,24f6a54c-236e-436d-bbbc-5a56be4b8d5f,bab4c1d0-82be-49cb-b2d1-53f8c7d3bb96,"2025-12-10 23:25:39.274433+00",,2
bbe9930d-6fa4-4609-87ca-decfff617c6f,a8bb8a32-74de-4998-b301-2c358643ed88,eca2e03c-7094-45bb-bd92-154a1fd33f1f,"2025-12-11 16:08:12.655164+00",,2
632d3894-bdd0-47d8-8426-95a5ed1ff0d7,98a71145-c9ba-4479-bef8-bc8360e7a925,eca2e03c-7094-45bb-bd92-154a1fd33f1f,"2025-12-11 21:24:32.321029+00",,2
a48c2c69-fd6b-4304-bcfe-ac5444c340df,23c25558-1a99-425c-aada-b859b2c9341f,9efaaf2c-f5fd-41b3-aa87-2c8fb6fedd3c,"2025-12-21 13:24:55.517994+00",,2
158807db-881b-4a35-9758-144017140685,03a4ac46-214c-4ebd-bc27-38eae02a7770,eca2e03c-7094-45bb-bd92-154a1fd33f1f,"2025-12-13 00:32:07.891943+00",,2
5f1b5db2-edec-4c57-8b17-50b54dec42d2,ed9a78b3-b0de-4b30-a693-500e3a8e447d,932dac7e-4232-474c-8dc8-a72ebcea22e2,"2025-12-15 17:49:15.445856+00",,2
58376f3e-249a-40a1-b753-f0b8dc340a82,b5161779-1690-4c41-95e8-8461c8390faf,341239a2-d8d5-4f7f-94ef-2b68cc057c28,"2025-12-15 22:59:25.725401+00",,2
05bf3e7c-3a69-46d7-9cce-a806e710b883,b5161779-1690-4c41-95e8-8461c8390faf,d592d8a0-348b-49cd-bb5a-2b750ff9785a,"2025-12-15 23:17:28.666589+00",,2
989eb804-379d-457c-a782-812378e5a451,e0f40b34-4ac6-4227-b658-8a73733b495a,932dac7e-4232-474c-8dc8-a72ebcea22e2,"2025-12-15 23:19:56.715573+00",,2
a6859e14-47c7-4708-9acf-5e95994a8a90,27fee74f-3b9d-4de4-97f4-dcebd100957f,932dac7e-4232-474c-8dc8-a72ebcea22e2,"2025-12-16 20:32:50.04493+00",,2
069729eb-eb1e-491a-b02f-861e9a64cc05,19ef830e-c709-4488-965c-d87330ef77dc,932dac7e-4232-474c-8dc8-a72ebcea22e2,"2025-12-17 13:14:12.570078+00",,2
93428e4e-94d9-4b5c-84ec-5332317acd73,397ca719-3001-46a2-a8d5-08e5cb46b59d,932dac7e-4232-474c-8dc8-a72ebcea22e2,"2025-12-17 21:01:35.676805+00",,2
292cb104-bb6f-4612-b523-6ce5a55618d7,2c7126d6-2b7b-4c31-9daf-b4b2a0198494,9efaaf2c-f5fd-41b3-aa87-2c8fb6fedd3c,"2025-12-17 21:25:44.225039+00",,2
e297a683-3f81-48e2-a41c-5f7c89b00f5d,2c970fb9-459a-4441-ba79-17b521ea60a8,341239a2-d8d5-4f7f-94ef-2b68cc057c28,"2025-12-18 22:57:44.311387+00",,2
28c0a28f-db0c-4f49-b3ec-39420bf6efc4,a2b0993d-8963-4742-9c47-cbd9e2f98619,932dac7e-4232-474c-8dc8-a72ebcea22e2,"2025-12-21 20:32:01.017986+00",,2
21c6b0d0-496a-4166-8809-b55881cf6df5,19ef830e-c709-4488-965c-d87330ef77dc,9efaaf2c-f5fd-41b3-aa87-2c8fb6fedd3c,"2025-12-21 22:51:16.230545+00",,2
5dc0b243-adb4-47bf-b559-d2a2288026f2,64a64fc7-654e-4eaa-a733-7659481c4cb5,ba265911-b590-4aee-8c21-1402948c811f,"2025-12-20 14:57:36.747211+00",,2.5
1ee1f1b2-e311-4fa4-9c23-10de92360d03,e6661d87-fc33-4788-bd0f-2e3fc2473486,ba265911-b590-4aee-8c21-1402948c811f,"2025-12-17 06:23:37.943567+00",,2.25
c8765af9-4b62-4a3c-9d2c-eaef22ac407a,48ffd4dc-f4d3-48eb-b4c6-c9a496a69b7d,ba265911-b590-4aee-8c21-1402948c811f,"2025-12-19 02:49:09.359018+00",,2.5
8418ad49-c17b-4b48-a17f-4993ac1c9be9,6e0be732-0ee3-4bb6-a965-9c98242d97e5,ba265911-b590-4aee-8c21-1402948c811f,"2025-12-18 15:43:06.013639+00",,2.5
2c9715f2-7270-49bd-9901-58c4868a3662,e905c80a-e9b1-4bbe-a921-05c613aaf838,ba265911-b590-4aee-8c21-1402948c811f,"2025-12-19 04:19:07.552073+00",,2.25
70a03001-e57b-46c8-a704-136c759bb01f,3f72d4c9-7ffd-4678-9a10-1ecab275ae55,ba265911-b590-4aee-8c21-1402948c811f,"2025-12-18 03:55:28.816998+00",,2.5
33f0bf52-9b15-4236-8aef-38767d1a484f,b5161779-1690-4c41-95e8-8461c8390faf,66207c1c-18a7-4e72-a25e-fccd2c41be49,"2025-12-24 21:25:45.958567+00",,2.25
7c395ff5-2255-4555-86c5-e06ff06214a6,a645db1d-11a9-4162-a627-0c53ebb9bf80,ba265911-b590-4aee-8c21-1402948c811f,"2025-12-16 22:42:24.83978+00",,2.5
7070f664-2417-419c-b183-869276ed3ee8,34be494c-ac31-4351-953f-4d45d2abe117,ba265911-b590-4aee-8c21-1402948c811f,"2025-12-16 22:31:23.306025+00",,2.5
91ba1ac1-eec5-4e82-8ba5-1938fdbdb73d,b5161779-1690-4c41-95e8-8461c8390faf,ba265911-b590-4aee-8c21-1402948c811f,"2025-12-16 22:23:22.780251+00",,2.5
e7001252-f9ae-4c15-bc2d-972668546fe4,123f4f0d-f9e9-4bcd-81b9-d45121ee60cd,ba265911-b590-4aee-8c21-1402948c811f,"2025-12-18 15:27:01.522626+00",,2
c39ccd0d-6f4d-4854-b72b-62095cc9a160,ad70bfbc-6bf0-4ad8-ac34-9cf06220ffad,ba265911-b590-4aee-8c21-1402948c811f,"2025-12-15 23:29:46.699604+00",,2.5
82127274-226e-40f7-9921-ed08ce1f267f,27acb628-a721-4bf5-8a75-e5ee22824a4f,ba265911-b590-4aee-8c21-1402948c811f,"2025-12-15 02:39:36.020812+00",,2.5
0c3d004b-64a6-4a7f-93f0-4f98e92fb286,27acb628-a721-4bf5-8a75-e5ee22824a4f,341239a2-d8d5-4f7f-94ef-2b68cc057c28,"2025-12-23 02:48:06.296934+00",,2
c67dd862-5420-4b6a-b896-8a4a1f44b366,03a4ac46-214c-4ebd-bc27-38eae02a7770,341239a2-d8d5-4f7f-94ef-2b68cc057c28,"2025-12-24 03:41:16.957715+00",,2
1c453067-0d35-4a0d-a058-ed74db3157f4,ad70bfbc-6bf0-4ad8-ac34-9cf06220ffad,9051f645-1fe1-4ab6-a93c-2ec831a3b9ae,"2025-12-10 15:24:39.253672+00",,2.25
ceaaa6ce-e328-4f23-bcb7-7cbdc9243f50,d93d78d7-385c-46d5-9137-740744664461,9051f645-1fe1-4ab6-a93c-2ec831a3b9ae,"2025-12-11 03:18:28.141082+00",,2.5
82f9d049-e7f1-4ac4-b80c-4b097ade4d88,3f89e602-6c3f-4b7c-9cc1-269a2934c6b7,9051f645-1fe1-4ab6-a93c-2ec831a3b9ae,"2025-12-11 14:33:22.195907+00",,2.5
139b9128-f176-4beb-872d-2fa04980a1c8,ba2172e1-b439-4084-9d15-f7a737652462,9051f645-1fe1-4ab6-a93c-2ec831a3b9ae,"2025-12-11 03:34:16.056609+00",,2.5
40899c24-f80b-48b4-90f6-45716fdd7674,123f4f0d-f9e9-4bcd-81b9-d45121ee60cd,9051f645-1fe1-4ab6-a93c-2ec831a3b9ae,"2025-12-11 02:55:57.505952+00",,2.25
fe401ac6-1383-459f-b601-8399594afa9d,929cccc5-394d-405c-aafb-1667fb8fd134,ba265911-b590-4aee-8c21-1402948c811f,"2025-12-16 16:52:28.907682+00",,2
d84d34c3-f35b-4732-b56e-8570efb4fc77,59a7890e-6079-48de-9844-c9c9809764ae,9051f645-1fe1-4ab6-a93c-2ec831a3b9ae,"2025-12-11 14:36:31.95869+00",,2.5
ddc46f61-9d51-4539-8bde-408485615b14,ad70bfbc-6bf0-4ad8-ac34-9cf06220ffad,66207c1c-18a7-4e72-a25e-fccd2c41be49,"2025-12-24 21:33:40.736206+00",,2
9845ff15-3a99-4385-af13-a628aacbdb92,3f72d4c9-7ffd-4678-9a10-1ecab275ae55,66207c1c-18a7-4e72-a25e-fccd2c41be49,"2025-12-23 01:40:32.560221+00",,2
f2c06cad-730d-4784-8811-61ad34ded3ab,27acb628-a721-4bf5-8a75-e5ee22824a4f,66207c1c-18a7-4e72-a25e-fccd2c41be49,"2025-12-23 02:47:58.4098+00",,2.25
50a3b044-5039-45b5-9979-151e66c81587,9f4072f4-5dc7-4302-aaa0-150a50db6f39,66207c1c-18a7-4e72-a25e-fccd2c41be49,"2025-12-24 15:00:06.211764+00",,2.25
b48b5de6-fd93-413a-bdd6-41ba74774294,b9c8c5c0-fe58-4d52-b05a-87f767cf22d7,230cef7f-5ba5-484d-bd87-67a63a7e5cb6,"2025-12-14 19:58:13.877955+00",,1.5
066b956d-b48b-4b01-884e-389ea9fbe012,ed9a78b3-b0de-4b30-a693-500e3a8e447d,230cef7f-5ba5-484d-bd87-67a63a7e5cb6,"2025-12-13 03:00:49.211612+00",,2.25
c8b19d4b-6bce-495a-908c-b34946aa315e,3ea5bb80-20ee-4433-a776-5c64ec80a4e0,230cef7f-5ba5-484d-bd87-67a63a7e5cb6,"2025-12-10 04:49:34.972188+00",,1
dc772fcf-6f38-4f09-b660-67df9cca6eda,11c840f8-bd1a-4069-82ae-9a3bb8cb3728,230cef7f-5ba5-484d-bd87-67a63a7e5cb6,"2025-12-12 19:17:33.142955+00",,2.25
bca8161c-ee39-4b21-99bc-1d2d740bd029,b5161779-1690-4c41-95e8-8461c8390faf,932dac7e-4232-474c-8dc8-a72ebcea22e2,"2025-12-15 23:01:27.222841+00",,1
1bb0a712-1893-4a57-93f4-19779efd466b,d4938877-bde5-41cb-8fc4-3148ee5f0b7b,932dac7e-4232-474c-8dc8-a72ebcea22e2,"2025-12-18 04:32:54.637678+00",,1
a1a5b278-3711-4751-8221-8939ed688fdf,a2a2c36a-b3ea-490f-be18-458c944ebb70,932dac7e-4232-474c-8dc8-a72ebcea22e2,"2025-12-21 20:31:54.175501+00",,1
cf419596-080f-4daa-a1ce-ccad44f600b9,b437c180-d374-43cb-af65-a0bf42c9e83b,932dac7e-4232-474c-8dc8-a72ebcea22e2,"2025-12-16 18:34:07.734338+00",,1
b7b9bdbb-8048-4ece-acda-4a377b2e6d83,e905c80a-e9b1-4bbe-a921-05c613aaf838,eca2e03c-7094-45bb-bd92-154a1fd33f1f,"2025-12-12 01:34:37.062418+00",,1.5
625e73c4-83c0-41a5-953e-7380659d83aa,64a64fc7-654e-4eaa-a733-7659481c4cb5,be29f424-be05-4d89-bf4b-79af7bcedf7f,"2025-12-21 14:04:25.929481+00",,1.25
b0bc17c7-2415-4ebd-8d05-e90304d97af8,cf878c5d-6d3c-4feb-b421-b7e7371f4d48,be29f424-be05-4d89-bf4b-79af7bcedf7f,"2025-12-21 14:04:19.81793+00",,1.25
0ff646ce-7336-4249-8ab2-b3968365dbaf,5e180f5d-9639-42f2-b0c3-5468f2e1da1a,be29f424-be05-4d89-bf4b-79af7bcedf7f,"2025-12-22 19:47:23.350513+00",,1.25
f1656608-46f2-4060-991c-c97bbb19d5ff,4930dce8-2383-4978-90e8-63f71e011a33,be29f424-be05-4d89-bf4b-79af7bcedf7f,"2025-12-22 19:46:57.105924+00",,1.25
65dd386b-8670-4ba4-b908-b5a535da9630,7b11a768-9c47-41a4-983a-b22d2233d631,be29f424-be05-4d89-bf4b-79af7bcedf7f,"2025-12-21 14:04:40.042185+00",,1.25
91d409d5-c8bb-4b16-94fd-a645e744da83,54c4f8ac-8845-4577-b5a7-819e6ec79ba9,be29f424-be05-4d89-bf4b-79af7bcedf7f,"2025-12-21 14:04:33.13733+00",,1.25
8f5eaaa7-272f-4672-830d-cac677f50cc5,25b411b8-f881-43b8-8a7f-225f032e7fd3,be29f424-be05-4d89-bf4b-79af7bcedf7f,"2025-12-17 03:35:34.858598+00",,1.25
85f237ae-a7a7-489a-9589-a38a4a005fa3,f83ad514-8e8a-47df-91df-412ce5a467ca,be29f424-be05-4d89-bf4b-79af7bcedf7f,"2025-12-16 04:18:23.629947+00",,1.25
4ea248fd-8901-4b7a-ae28-94faf599bdc5,03a4ac46-214c-4ebd-bc27-38eae02a7770,be29f424-be05-4d89-bf4b-79af7bcedf7f,"2025-12-16 22:35:23.355377+00",,1.25
f617577e-6e01-4043-ac04-43cdb28559fe,397ca719-3001-46a2-a8d5-08e5cb46b59d,be29f424-be05-4d89-bf4b-79af7bcedf7f,"2025-12-17 20:57:16.36467+00",,1.25
7f777fbd-3209-4ecc-b8d5-352d99147b2c,e6661d87-fc33-4788-bd0f-2e3fc2473486,aba54d62-0f22-43a0-a5f7-607a89780eae,"2025-12-23 02:02:15.79452+00",,1.5
d38f69b2-0262-402f-bbad-811fb16c5f0b,6c42887f-f2f7-44ba-8c32-ee3c51d22ee8,aba54d62-0f22-43a0-a5f7-607a89780eae,"2025-12-23 17:43:55.771895+00",,1.5
a35290ee-efea-4214-bd0e-4b422575cddc,b5161779-1690-4c41-95e8-8461c8390faf,a31c03f8-42d5-4ff9-911d-8952772557f4,"2025-12-21 14:03:20.640464+00",,2.5
855a787e-9ba2-403a-8489-7a604e37fae6,b4de7177-7df9-44c0-af19-657e69198f51,a31c03f8-42d5-4ff9-911d-8952772557f4,"2025-12-15 21:43:06.05545+00",,2.5
75d8881f-9078-4f36-ac91-412704b7c1d4,08bdcda2-d5cf-4cbb-af09-be01dad99b9f,a31c03f8-42d5-4ff9-911d-8952772557f4,"2025-12-21 14:02:50.272976+00",,2.5
ac275339-b0d1-4096-9d8b-4ebf20e18e32,d2eedcd5-bcde-4b36-85c4-907fc938b7b7,a31c03f8-42d5-4ff9-911d-8952772557f4,"2025-12-21 14:02:15.387631+00",,2.5
65e7b1cb-1bd7-41ee-ad84-148862fd8a73,27fee74f-3b9d-4de4-97f4-dcebd100957f,a31c03f8-42d5-4ff9-911d-8952772557f4,"2025-12-16 20:33:31.591509+00",,2.5
2c0397b8-7201-467b-a65d-a626deb901bd,27acb628-a721-4bf5-8a75-e5ee22824a4f,a31c03f8-42d5-4ff9-911d-8952772557f4,"2025-12-21 14:03:25.766065+00",,2.5
dbbc3472-4b3b-46a3-b944-5effdd000845,1da7f601-b164-4d75-a3fc-3fa5b86635bd,a31c03f8-42d5-4ff9-911d-8952772557f4,"2025-12-21 14:03:03.888284+00",,2.5
f6b1a782-c082-4f5e-83ea-4a5fd8f4690a,de12fe11-0254-4859-81c8-4e4bbc8d16c7,a31c03f8-42d5-4ff9-911d-8952772557f4,"2025-12-21 14:02:04.716154+00",,2.5
d3bf3f6b-e8bc-43f6-9fa9-9e59ba7d42bc,b39b9619-91b3-419a-b028-f930286975a6,a31c03f8-42d5-4ff9-911d-8952772557f4,"2025-12-20 03:30:24.707533+00",,2.5
f55989a7-98b0-4454-a000-88cb1bc9ce0a,123f4f0d-f9e9-4bcd-81b9-d45121ee60cd,a31c03f8-42d5-4ff9-911d-8952772557f4,"2025-12-18 15:27:19.694713+00",,2.5
8e294e21-5e10-4568-a6a5-c0583251d651,e6661d87-fc33-4788-bd0f-2e3fc2473486,a31c03f8-42d5-4ff9-911d-8952772557f4,"2025-12-16 19:58:14.086814+00",,2.5
d482acc9-7a8c-4631-9156-d7f65317c239,123f4f0d-f9e9-4bcd-81b9-d45121ee60cd,bab4c1d0-82be-49cb-b2d1-53f8c7d3bb96,"2025-12-11 02:56:09.007678+00",,2.25
2ec1897e-4d1a-441a-8c6d-f5bffbe45e4c,6c42887f-f2f7-44ba-8c32-ee3c51d22ee8,bab4c1d0-82be-49cb-b2d1-53f8c7d3bb96,"2025-12-11 22:18:06.283113+00",,2.25
b750944d-6e27-4a24-983a-318387a5ad7c,b5161779-1690-4c41-95e8-8461c8390faf,3bbd4b92-27a9-4811-a9f7-122b8056f20c,"2025-12-15 23:17:17.368429+00",,4.5
8dfd4a41-7c16-4021-90c5-20cb63973e01,ecb093bc-556b-48a3-82d0-fd2e94e48ec6,50623e69-1c34-4e81-bbc5-aede1cc6f62a,"2025-12-21 14:51:51.141142+00",,1.5
340700a2-4cb4-41f5-bbf3-1da7faa919c8,b4de7177-7df9-44c0-af19-657e69198f51,50623e69-1c34-4e81-bbc5-aede1cc6f62a,"2025-12-15 21:43:39.562927+00",,1.5
3681f742-c8ac-4def-a9dd-cf5047689728,b437c180-d374-43cb-af65-a0bf42c9e83b,66e1d6f4-a618-4abd-b7cc-95f0cccf87f6,"2025-12-16 18:34:21.862977+00",,2.5
82f1c235-5de8-461c-a89b-99e186ac01d4,225dbd75-0339-4347-96ab-455ea34d3c76,9efaaf2c-f5fd-41b3-aa87-2c8fb6fedd3c,"2025-12-24 21:37:05.625193+00",,2
4e0373a1-0b20-4f6c-b2f4-1102595addb4,27fee74f-3b9d-4de4-97f4-dcebd100957f,9efaaf2c-f5fd-41b3-aa87-2c8fb6fedd3c,"2025-12-24 21:41:13.066263+00",,2
5f51febb-b1b0-4fc4-9169-37e9f8cd48eb,ff745631-1358-4347-a21e-208966917ef9,9efaaf2c-f5fd-41b3-aa87-2c8fb6fedd3c,"2025-12-24 21:48:44.312115+00",,2
ea9e483c-d57f-48f4-942d-8c077d681085,a5fe2cd2-91b4-4e56-b402-7484f62fc502,9efaaf2c-f5fd-41b3-aa87-2c8fb6fedd3c,"2025-12-24 22:01:39.744401+00",,2
6bf28a33-f71f-4250-8782-aaf0930098b9,19ef830e-c709-4488-965c-d87330ef77dc,341239a2-d8d5-4f7f-94ef-2b68cc057c28,"2025-12-25 00:52:44.224546+00",,2
4ec6b1fd-579a-4ee2-8f99-733702096c72,f08940b3-ef04-46fa-b5e6-cc18cf9ab1cc,9efaaf2c-f5fd-41b3-aa87-2c8fb6fedd3c,"2025-12-25 20:04:40.975635+00",,2
35fed5af-bca8-471f-a8b9-1a764ecc6eae,13fb61a1-5a11-4258-ac6c-c70d398edfd7,341239a2-d8d5-4f7f-94ef-2b68cc057c28,"2025-12-26 15:34:09.000983+00",,2
47dcfa80-33b6-4c3b-b771-0aa0711dd348,a2003467-1895-42e2-86a3-dddefa4366a6,341239a2-d8d5-4f7f-94ef-2b68cc057c28,"2025-12-27 00:59:50.371756+00",,2
4850ec26-3b44-4ee8-8485-22bbcb57ff71,d2eedcd5-bcde-4b36-85c4-907fc938b7b7,341239a2-d8d5-4f7f-94ef-2b68cc057c28,"2025-12-27 03:17:31.491836+00",,2
1f42f324-0ac7-4daf-b3ed-ea968d247cae,31c76a52-fd0a-48f2-a1f3-d06b09b412fa,9efaaf2c-f5fd-41b3-aa87-2c8fb6fedd3c,"2025-12-27 03:34:27.460392+00",,2
d3440645-a0c7-4249-9c07-97e83651cfc6,13fb61a1-5a11-4258-ac6c-c70d398edfd7,9efaaf2c-f5fd-41b3-aa87-2c8fb6fedd3c,"2025-12-28 18:24:24.007387+00",,2
6e006130-28bc-4a7c-b768-9b7913577fb1,0561d98b-f4d1-4dd9-b534-8b89939c81cb,9efaaf2c-f5fd-41b3-aa87-2c8fb6fedd3c,"2025-12-29 04:42:28.734793+00",,2
f9ef2e4a-7a06-47af-87f9-988eadc728a3,27acb628-a721-4bf5-8a75-e5ee22824a4f,d592d8a0-348b-49cd-bb5a-2b750ff9785a,"2025-12-29 21:24:25.14909+00",,2
65f8c583-3c99-4260-962d-9c02c18361b7,de12fe11-0254-4859-81c8-4e4bbc8d16c7,d592d8a0-348b-49cd-bb5a-2b750ff9785a,"2025-12-30 19:35:54.43132+00",,2
5fa253be-2e7b-4206-bc33-efd5af6bbbee,a8bb8a32-74de-4998-b301-2c358643ed88,d592d8a0-348b-49cd-bb5a-2b750ff9785a,"2025-12-30 19:46:24.419797+00",,2
fcfe8c74-cbcc-487f-8914-27cee7eb1d02,8b54f537-6149-453e-9797-dc0d1947fdee,d592d8a0-348b-49cd-bb5a-2b750ff9785a,"2025-12-31 03:34:11.219802+00",,2
889a2df8-dc47-4a1f-9aab-53b06a47d1b5,e5fcb886-af89-4417-843c-8b1f524ef36d,d592d8a0-348b-49cd-bb5a-2b750ff9785a,"2025-12-31 14:43:57.849103+00",,2
36319004-6661-47ad-86fb-7b15b4ac11c6,03a4ac46-214c-4ebd-bc27-38eae02a7770,d592d8a0-348b-49cd-bb5a-2b750ff9785a,"2025-12-31 14:57:26.337983+00",,2
08e3395b-1607-4be7-b55f-3c63f168c743,b5161779-1690-4c41-95e8-8461c8390faf,6217f28f-e3d2-4bd3-b268-f3501c6cb58b,"2025-12-31 23:47:57.272806+00",,2
1b58e8f0-d180-4593-89e3-36d501fc93c1,b5161779-1690-4c41-95e8-8461c8390faf,e3e7cdd4-6b44-4841-bbfc-648c33876b56,"2025-12-31 23:48:04.209396+00",,3
9b27f32a-4ad9-4af7-98e8-97ff1c90ec20,b5161779-1690-4c41-95e8-8461c8390faf,015ac690-a971-4848-a8e7-d3ae4c8093d3,"2025-12-31 23:48:12.003024+00",,2
b1783d7a-32db-42ef-9cea-a607ab0077ec,b5161779-1690-4c41-95e8-8461c8390faf,2e0af101-b4a6-486c-990d-b43ebb7ec8af,"2025-12-31 23:48:24.165775+00",,3
79a92cf9-37e8-482d-ab8c-1842bb89f1ab,b5161779-1690-4c41-95e8-8461c8390faf,a479df03-36df-421d-a65c-f1ffd7bbaec7,"2025-12-31 23:48:32.461395+00",,2
6a145c20-d5fd-47fd-88b2-a17738c0e944,b5161779-1690-4c41-95e8-8461c8390faf,66f5ec7e-9c79-4a21-8d0d-9e2fb50dc283,"2025-12-31 23:48:53.185862+00",,3
1b65cf9a-41b4-4af1-8b1d-1a74e9b50bc2,b5161779-1690-4c41-95e8-8461c8390faf,e56c519f-e621-44ee-9ad3-939eab6fb19c,"2025-12-31 23:49:01.712972+00",,2
b8a8a1d1-aaf8-4c65-9af2-750bcaecc92b,b5161779-1690-4c41-95e8-8461c8390faf,d7c66276-31f7-4f14-a37f-67ae5f3f5010,"2025-12-31 23:49:08.812132+00",,3
0961c4ac-5606-4e7b-be0b-4d8823c169f3,b5161779-1690-4c41-95e8-8461c8390faf,fb4e164f-134c-4d74-a156-6768b16f4bbe,"2025-12-31 23:49:16.76355+00",,2
af4837d9-65cd-4e01-8e2b-5af47d0b87bb,b5161779-1690-4c41-95e8-8461c8390faf,2a1bdf88-e58a-40da-a31b-00c08befee16,"2025-12-31 23:49:23.901322+00",,3
b686c5ad-fc3b-45fb-b0e6-67e62e7bf622,b5161779-1690-4c41-95e8-8461c8390faf,6d6bcde9-0ce7-4641-a185-37a51df24290,"2025-12-31 23:49:31.922299+00",,2
255756d9-012a-4cf0-9adf-2a893b22fb53,b5161779-1690-4c41-95e8-8461c8390faf,d68e1e46-a976-4f37-954e-fc9d052b9b28,"2025-12-31 23:49:38.914896+00",,3
3ab59cdf-17e8-443b-9ab5-4ebc9efc9d04,b5161779-1690-4c41-95e8-8461c8390faf,bca1a4d1-d7b0-4d82-bdf8-ee96906fa737,"2025-12-31 23:49:46.854665+00",,2
e064e46e-678c-4eeb-a7dd-a5124a1bc4c0,a21883d1-be0c-497e-afa2-92280da208bc,246a59d2-94bd-4bcc-8e0c-e08d51feacce,"2026-01-01 00:08:53.233414+00",,2
41fb9c5a-7ee8-4260-b174-35302dee961c,b5161779-1690-4c41-95e8-8461c8390faf,9051f645-1fe1-4ab6-a93c-2ec831a3b9ae,"2026-01-01 00:51:15.7356+00",,1.5
68bafeb2-3fad-4a7c-ac2e-c4b6389e4b6b,64a64fc7-654e-4eaa-a733-7659481c4cb5,66207c1c-18a7-4e72-a25e-fccd2c41be49,"2026-01-01 01:01:20.560169+00",,1.25
8cc7c20a-0a0e-4367-8247-b9e92a797616,d4938877-bde5-41cb-8fc4-3148ee5f0b7b,66207c1c-18a7-4e72-a25e-fccd2c41be49,"2025-12-27 01:11:39.501672+00",,2.25
029bbe5b-c49f-4740-8a76-ee1dc9f1926d,1f7d42f6-e86a-4bda-8d28-c33560325d4f,66207c1c-18a7-4e72-a25e-fccd2c41be49,"2025-12-26 17:21:47.96965+00",,2.25
2875ce63-fb28-4661-9e27-6cd846b06c77,5e180f5d-9639-42f2-b0c3-5468f2e1da1a,66207c1c-18a7-4e72-a25e-fccd2c41be49,"2025-12-25 04:54:35.830075+00",,2.25
1fb50199-2c4a-4d38-baf1-3af5038ece84,6e881ad1-1dd6-48a8-b297-df0b8d76ffea,66207c1c-18a7-4e72-a25e-fccd2c41be49,"2025-12-27 05:29:56.109891+00",,2.25
37f4414b-4169-43e8-8939-7b92ac345d49,123f4f0d-f9e9-4bcd-81b9-d45121ee60cd,66207c1c-18a7-4e72-a25e-fccd2c41be49,"2025-12-25 23:37:10.975564+00",,2
445bcc60-ccaa-42f8-b42e-02eabc2866f1,6a14e447-280d-48b6-9c1f-8140e675e5a6,66207c1c-18a7-4e72-a25e-fccd2c41be49,"2025-12-25 06:18:17.873871+00",,2
c5da04b9-d8fb-45b1-aa24-3ffd5e1ef967,a2003467-1895-42e2-86a3-dddefa4366a6,66207c1c-18a7-4e72-a25e-fccd2c41be49,"2025-12-27 00:59:27.859144+00",,2
10d79e27-50fa-4884-9149-cc8802ea64c9,b0a4eecb-f067-46b8-a678-606112666723,66207c1c-18a7-4e72-a25e-fccd2c41be49,"2025-12-25 04:31:08.502581+00",,2
92fe89c4-7630-4c10-ae38-133990569f1b,d3f2b516-b461-4941-beda-9d8443e8362e,eea1ff4e-41ca-43c6-9e24-1631a1178845,"2026-01-01 01:12:58.564013+00",,2.5
411c2c9a-e47f-4f9f-9cd9-8433534ddc77,7c85763e-157a-4445-a673-2c3479c8f8ee,eea1ff4e-41ca-43c6-9e24-1631a1178845,"2026-01-01 01:16:14.990027+00",,2.25
b04f98f8-e1d4-4e51-a80b-16e2f4743f49,a2b0993d-8963-4742-9c47-cbd9e2f98619,230cef7f-5ba5-484d-bd87-67a63a7e5cb6,"2025-12-29 01:29:41.636297+00",,2.25
cb3b1a46-23f6-4ddf-8e00-281d88bc6d85,6a3f4c6b-991b-4779-a427-cfb108b3e7d2,015ac690-a971-4848-a8e7-d3ae4c8093d3,"2026-01-01 07:34:46.689795+00",,2
1d831926-8bbf-4bc1-9759-bdc7ac862a29,b64b8da6-946e-4525-a161-9bd40afc61c6,246a59d2-94bd-4bcc-8e0c-e08d51feacce,"2026-01-01 15:13:57.419096+00",,2
e9342b66-bcb8-4bb9-9f9f-5527051b0424,7c85763e-157a-4445-a673-2c3479c8f8ee,aba54d62-0f22-43a0-a5f7-607a89780eae,"2025-12-27 15:40:41.864883+00",,1.5
5f57593d-5288-4cf2-8363-0ba58b5d1e2d,123f4f0d-f9e9-4bcd-81b9-d45121ee60cd,aba54d62-0f22-43a0-a5f7-607a89780eae,"2025-12-27 18:23:32.142102+00",,1.25
b79192be-0e87-4927-b4e1-926f78954760,24f6a54c-236e-436d-bbbc-5a56be4b8d5f,aba54d62-0f22-43a0-a5f7-607a89780eae,"2025-12-27 00:52:10.198112+00",,1.5
5601ef38-4ca7-4175-9fcc-f8243d048d6f,a2a2c36a-b3ea-490f-be18-458c944ebb70,aba54d62-0f22-43a0-a5f7-607a89780eae,"2026-01-02 02:43:31.584989+00",,1.5
e3efdde6-537b-48f7-95af-693d8829b842,f08130df-44a1-4e9e-8150-22e1ad5dc12f,aba54d62-0f22-43a0-a5f7-607a89780eae,"2025-12-27 14:41:33.572328+00",,1.5
54006034-e576-4bcd-906e-42b5da8aaf3c,7fac3d00-e54b-44c5-ad8f-ca754a979680,aba54d62-0f22-43a0-a5f7-607a89780eae,"2025-12-24 22:06:48.878106+00",,1.5
929c312d-8dad-46ae-9779-86bc828563bc,0ebaa5d7-79e0-407d-bb26-ef8c12ca836b,aba54d62-0f22-43a0-a5f7-607a89780eae,"2025-12-27 18:23:26.323032+00",,1.5
adfdd855-01ee-4f7d-8047-a49eb5736b7c,7697e726-d257-4949-8095-68c21189aec2,aba54d62-0f22-43a0-a5f7-607a89780eae,"2025-12-27 19:03:24.043391+00",,1.5
d3fd7ee6-5409-44e7-9016-70f4cfa068e6,6a3f4c6b-991b-4779-a427-cfb108b3e7d2,aba54d62-0f22-43a0-a5f7-607a89780eae,"2026-01-02 02:46:15.758846+00",,1.5
1c37c269-a7c2-4bbe-8792-b4d3d3730212,a8bb8a32-74de-4998-b301-2c358643ed88,a31c03f8-42d5-4ff9-911d-8952772557f4,"2026-01-02 02:48:30.932657+00",,2.5
eb53b10c-6ba5-4473-b84b-9a854d1da9e3,d2eedcd5-bcde-4b36-85c4-907fc938b7b7,457907ee-2f4e-47fa-a0da-36975bc6ff97,"2026-01-02 03:13:01.472838+00",,1.75
9cd0ab65-4bbd-4b2f-a611-c3ad2d636fe5,f08940b3-ef04-46fa-b5e6-cc18cf9ab1cc,457907ee-2f4e-47fa-a0da-36975bc6ff97,"2026-01-02 03:13:22.986305+00",,2
4f396982-5f08-4c84-b568-7fc95342498a,f682e2f2-a01f-49d6-aaed-dc59067d2bc8,b6348a27-db0b-4a64-ba8a-79bcee33fd31,"2026-01-02 04:38:20.262714+00",,2
1df6f7cc-4c1b-4aeb-a6d7-113c51842769,d3f2b516-b461-4941-beda-9d8443e8362e,a9b258f2-fcf0-4ff9-ad3b-f880cd43066b,"2026-01-02 19:33:55.156136+00",,2
96fff182-f581-46be-884e-2e9d1e5edd66,d3f2b516-b461-4941-beda-9d8443e8362e,227000fc-02f1-43a0-82f0-895748cf495b,"2026-01-02 19:34:03.478264+00",,2
2ea44c44-b8ef-4bd7-8df7-a90771f8d690,d3f2b516-b461-4941-beda-9d8443e8362e,10990506-78bf-4e31-99a4-f3283dad93d1,"2026-01-02 19:34:10.436259+00",,2
a569f74b-23ca-41f6-af96-9bcdc7b88725,ad70bfbc-6bf0-4ad8-ac34-9cf06220ffad,3bbd4b92-27a9-4811-a9f7-122b8056f20c,"2025-12-30 05:30:44.258897+00",,2
9d02ed53-9097-4dc9-9365-ed1fcfb6260e,a54364fb-793c-43d3-a38c-948d3f9d345a,3bbd4b92-27a9-4811-a9f7-122b8056f20c,"2026-01-02 15:55:35.178562+00",,2
1cacb2ec-7aa5-4cc5-8474-22cc241d9b9e,8b7bd997-852d-4332-b16e-82527150a135,3bbd4b92-27a9-4811-a9f7-122b8056f20c,"2026-01-02 15:10:18.255285+00",,2
738c07ca-cb36-49c8-bd0b-f462ea6afa07,123f4f0d-f9e9-4bcd-81b9-d45121ee60cd,3bbd4b92-27a9-4811-a9f7-122b8056f20c,"2026-01-02 03:55:43.662339+00",,2
50cf3a68-98d6-4840-ac05-9a49ce159d66,34be494c-ac31-4351-953f-4d45d2abe117,3bbd4b92-27a9-4811-a9f7-122b8056f20c,"2026-01-01 23:18:19.645271+00",,2
4f3b2654-1fa7-4093-9112-4ca6f055853a,f08940b3-ef04-46fa-b5e6-cc18cf9ab1cc,3bbd4b92-27a9-4811-a9f7-122b8056f20c,"2025-12-31 18:53:25.820693+00",,2
402a013b-002d-4810-944c-3363678a7332,a8a18bc5-432a-481c-827f-93855145a279,3bbd4b92-27a9-4811-a9f7-122b8056f20c,"2025-12-31 12:38:35.017405+00",,2
ff30691a-5057-441f-a0dd-7ed8676cf8f3,8607014c-8945-4076-9f82-543c114102aa,3bbd4b92-27a9-4811-a9f7-122b8056f20c,"2025-12-31 05:28:24.172008+00",,1.75
86cb1bb8-2916-41bf-850f-17ebe528b111,0fe973b4-b2f7-4582-a551-f21514e0c315,3bbd4b92-27a9-4811-a9f7-122b8056f20c,"2025-12-30 18:44:36.58477+00",,2
fc5b7010-6cb3-4568-9bc0-0519de6c2fb9,cbcc855c-93d3-41f7-8f3c-4a054e507d87,3bbd4b92-27a9-4811-a9f7-122b8056f20c,"2025-12-30 16:35:39.601604+00",,2
8e775740-3591-48d0-8366-d7f295673a4f,a645db1d-11a9-4162-a627-0c53ebb9bf80,3bbd4b92-27a9-4811-a9f7-122b8056f20c,"2025-12-30 16:20:27.033221+00",,2
a4d680c1-54eb-4061-96b0-04d8ca93d1b4,d2eedcd5-bcde-4b36-85c4-907fc938b7b7,3bbd4b92-27a9-4811-a9f7-122b8056f20c,"2025-12-30 10:59:32.181386+00",,2.5
ace23881-48ab-479e-b68f-953d9257c095,7fac3d00-e54b-44c5-ad8f-ca754a979680,50623e69-1c34-4e81-bbc5-aede1cc6f62a,"2025-12-30 11:45:53.481055+00",,1.5
490e9194-e9e6-47a5-9ffc-5ac6279e6ca9,8b7bd997-852d-4332-b16e-82527150a135,50623e69-1c34-4e81-bbc5-aede1cc6f62a,"2026-01-02 15:10:38.237638+00",,1.5
f78fa0f5-62a4-4f97-86cc-e7509857225a,e24c7917-84f7-470d-8872-ac276a4a515c,50623e69-1c34-4e81-bbc5-aede1cc6f62a,"2026-01-02 19:13:39.780155+00",,1.5
caa1a95f-53e6-4d94-824c-b5226d6e29e7,6c42887f-f2f7-44ba-8c32-ee3c51d22ee8,50623e69-1c34-4e81-bbc5-aede1cc6f62a,"2026-01-02 16:38:05.800443+00",,1.5
8e2022ec-7810-4c96-8c12-775239511f75,27fee74f-3b9d-4de4-97f4-dcebd100957f,66e1d6f4-a618-4abd-b7cc-95f0cccf87f6,"2025-12-31 18:54:14.749017+00",,2.5
311bf73a-0b9e-4d76-8848-9b2cff5a4bf1,98a71145-c9ba-4479-bef8-bc8360e7a925,66e1d6f4-a618-4abd-b7cc-95f0cccf87f6,"2026-01-02 03:01:50.236358+00",,2.5
01aa3e7d-5904-4b8f-9460-89831f4315b2,11c840f8-bd1a-4069-82ae-9a3bb8cb3728,66e1d6f4-a618-4abd-b7cc-95f0cccf87f6,"2025-12-30 14:50:47.534692+00",,2.5
9f662f99-6d70-42a2-b165-b29530f10952,688e4946-aa29-4fc0-a167-4daf2d3e41ad,66e1d6f4-a618-4abd-b7cc-95f0cccf87f6,"2026-01-02 15:14:29.253035+00",,2.5
a1ea21bf-bdbc-4688-bc57-dfe9b944126b,b5161779-1690-4c41-95e8-8461c8390faf,0fd2a5f4-8062-489e-8f2c-83538175ffdf,"2025-12-31 23:46:54.796576+00",,4.25
cae223bc-2467-4190-a590-f550fdb755ab,d3f2b516-b461-4941-beda-9d8443e8362e,a13f202c-5964-4e59-8cdf-a555aae31d26,"2026-01-02 19:34:21.962033+00",,2
b6807c92-2ae5-48f2-ac89-e5216f882e1a,64a64fc7-654e-4eaa-a733-7659481c4cb5,0e855df9-903d-493f-8896-b104f62d75c2,"2026-01-02 19:44:20.511961+00",,2
df425a11-797c-40bc-87dc-5bf10fd1241c,64a64fc7-654e-4eaa-a733-7659481c4cb5,55b10bd6-0409-483e-915d-71856d9e34ef,"2026-01-02 19:44:32.297497+00",,3
aa019b95-beae-4caa-94de-1db28d936fe2,64a64fc7-654e-4eaa-a733-7659481c4cb5,b6348a27-db0b-4a64-ba8a-79bcee33fd31,"2026-01-02 19:44:40.802334+00",,2
1ccf87cd-f00e-45ef-8250-fa36969cddc6,f7ddda87-105c-4310-8423-c49668a57033,d592d8a0-348b-49cd-bb5a-2b750ff9785a,"2026-01-02 23:11:06.753201+00",,2
999fdff5-e9ff-4912-bafb-642a15722b99,60e18e92-6ec3-44d2-a860-1fe8ebf76276,d592d8a0-348b-49cd-bb5a-2b750ff9785a,"2026-01-03 07:23:51.438774+00",,2
a47ba85f-a9bc-49b9-bcc1-043816df98df,23c25558-1a99-425c-aada-b859b2c9341f,a9b258f2-fcf0-4ff9-ad3b-f880cd43066b,"2026-01-03 08:50:30.717311+00",,2
c860e54b-7bcc-4be5-b037-546c489eff6c,23c25558-1a99-425c-aada-b859b2c9341f,227000fc-02f1-43a0-82f0-895748cf495b,"2026-01-03 08:50:36.907291+00",,2
ca389abb-f813-4a55-a69b-091dcd11b870,23c25558-1a99-425c-aada-b859b2c9341f,10990506-78bf-4e31-99a4-f3283dad93d1,"2026-01-03 08:50:43.12886+00",,2
5d481e91-f7de-4ffb-b39f-0b312bdb52ad,23c25558-1a99-425c-aada-b859b2c9341f,a13f202c-5964-4e59-8cdf-a555aae31d26,"2026-01-03 08:50:50.721569+00",,2
a49d3728-7954-441b-8886-baaf5fc03ec7,23c25558-1a99-425c-aada-b859b2c9341f,a13e05c3-110f-4a84-8ce2-17507bfccd34,"2026-01-03 08:50:59.809605+00",,2
40b7613c-a465-461e-9e18-42aea71bf6e8,23c25558-1a99-425c-aada-b859b2c9341f,957f91b6-89ae-477b-a018-8ed4fe202880,"2026-01-03 08:51:05.891219+00",,2
c384f2f3-cc55-4e5b-af68-b80789fab42a,23c25558-1a99-425c-aada-b859b2c9341f,68e4aaeb-3474-4c4c-a0dd-561d35bb54d7,"2026-01-03 08:51:11.292461+00",,2
af2d0bf2-66b0-4258-b167-37afc2ccdf21,aa72071b-8743-4b8a-b22e-47f99f3aba9a,d592d8a0-348b-49cd-bb5a-2b750ff9785a,"2026-01-03 15:44:50.859573+00",,2
59435ddf-c61e-467f-9750-23cbfe74b01f,d2eedcd5-bcde-4b36-85c4-907fc938b7b7,d592d8a0-348b-49cd-bb5a-2b750ff9785a,"2026-01-03 17:25:29.445996+00",,2
464e079a-6303-415a-a521-b88dba9d70e0,6a3f4c6b-991b-4779-a427-cfb108b3e7d2,e5bbfe55-be46-4a20-b163-59e080064d01,"2026-01-04 13:13:42.838718+00",,2
81367e24-ea73-4a80-b8bf-409cfed59883,2c7126d6-2b7b-4c31-9daf-b4b2a0198494,a9b258f2-fcf0-4ff9-ad3b-f880cd43066b,"2026-01-04 16:13:25.587189+00",,2
bf43f1bb-fda0-4dcf-a7d3-d56f5372cb2b,b437c180-d374-43cb-af65-a0bf42c9e83b,a9b258f2-fcf0-4ff9-ad3b-f880cd43066b,"2026-01-04 20:26:29.521383+00",,2
d1f4af8d-7f82-45ab-aade-5e8b47b03546,b437c180-d374-43cb-af65-a0bf42c9e83b,a13f202c-5964-4e59-8cdf-a555aae31d26,"2026-01-04 20:26:46.716142+00",,2
7becf7dd-e962-48df-82a6-f0d0fdf02454,b437c180-d374-43cb-af65-a0bf42c9e83b,957f91b6-89ae-477b-a018-8ed4fe202880,"2026-01-04 20:26:59.685708+00",,2
2805270e-6c79-417d-8848-df3a7512fd7b,d2eedcd5-bcde-4b36-85c4-907fc938b7b7,6217f28f-e3d2-4bd3-b268-f3501c6cb58b,"2026-01-04 22:50:23.872945+00",,2
33721a30-f41d-49f5-9003-1c3bddac2553,60e18e92-6ec3-44d2-a860-1fe8ebf76276,3bbd4b92-27a9-4811-a9f7-122b8056f20c,"2026-01-03 14:19:03.999543+00",,1.75
344f81ab-f94e-41b1-aebf-38824d3db67f,e24c7917-84f7-470d-8872-ac276a4a515c,3bbd4b92-27a9-4811-a9f7-122b8056f20c,"2026-01-05 00:44:12.103245+00",,2
1bd5287f-dec1-4101-a540-b64287f68a32,a2a2c36a-b3ea-490f-be18-458c944ebb70,3bbd4b92-27a9-4811-a9f7-122b8056f20c,"2026-01-05 00:45:24.947577+00",,2
19e71d24-aa37-4fce-9f2b-9dfc376a59fd,27acb628-a721-4bf5-8a75-e5ee22824a4f,6217f28f-e3d2-4bd3-b268-f3501c6cb58b,"2026-01-05 00:53:34.80194+00",,2
763d07a6-992b-42f5-bc6d-7228a1610469,5e180f5d-9639-42f2-b0c3-5468f2e1da1a,50623e69-1c34-4e81-bbc5-aede1cc6f62a,"2026-01-03 17:42:25.662575+00",,1.5
c590801f-f79d-4fbb-a7c6-409705a73015,1d7a21ea-ade7-4aa7-b2cb-5f5b32bd761d,50623e69-1c34-4e81-bbc5-aede1cc6f62a,"2026-01-03 02:35:08.995241+00",,1.5
68403db8-d213-4395-8545-238cb4a660c2,f682e2f2-a01f-49d6-aaed-dc59067d2bc8,50623e69-1c34-4e81-bbc5-aede1cc6f62a,"2026-01-05 01:46:40.792699+00",,1.5
a8a41ad1-d3e2-41e9-9230-77972f275893,123f4f0d-f9e9-4bcd-81b9-d45121ee60cd,50623e69-1c34-4e81-bbc5-aede1cc6f62a,"2026-01-03 17:56:37.784071+00",,1.5
2f3b63df-fe55-4508-82be-38c095e047fe,27fee74f-3b9d-4de4-97f4-dcebd100957f,50623e69-1c34-4e81-bbc5-aede1cc6f62a,"2026-01-03 18:36:47.135558+00",,1.5
aa0eb33b-6638-4aa9-be46-542b58a4781e,64a64fc7-654e-4eaa-a733-7659481c4cb5,50623e69-1c34-4e81-bbc5-aede1cc6f62a,"2026-01-02 19:43:27.878024+00",,1.5
bcd112a2-2c0f-4e90-9fee-58ee737ab905,a2b0993d-8963-4742-9c47-cbd9e2f98619,66e1d6f4-a618-4abd-b7cc-95f0cccf87f6,"2026-01-03 06:03:22.502391+00",,2.5
c47b6f9e-36a8-4da9-a2e1-5a4e8b1abfc3,225dbd75-0339-4347-96ab-455ea34d3c76,66e1d6f4-a618-4abd-b7cc-95f0cccf87f6,"2026-01-04 14:46:09.274698+00",,2.5
77a9d94d-a584-4b27-a2a5-428a9305dba9,31c76a52-fd0a-48f2-a1f3-d06b09b412fa,66e1d6f4-a618-4abd-b7cc-95f0cccf87f6,"2026-01-05 02:01:10.622418+00",,2.5
8d024489-7b01-41d6-8d93-a72a597f226a,b9c8c5c0-fe58-4d52-b05a-87f767cf22d7,66e1d6f4-a618-4abd-b7cc-95f0cccf87f6,"2026-01-04 19:53:03.457987+00",,2.5
a2216e6e-406d-4423-b2dc-6e46b5df2fdb,28fd1b5e-8437-44f4-a8a6-490b6d64ff71,66e1d6f4-a618-4abd-b7cc-95f0cccf87f6,"2026-01-03 04:17:38.110412+00",,2.5
24a42c3f-f77c-43b5-bd29-11be18d3827d,08bdcda2-d5cf-4cbb-af09-be01dad99b9f,246a59d2-94bd-4bcc-8e0c-e08d51feacce,"2026-01-05 18:19:39.667686+00",,2
93a950ff-ccaf-49e7-bba8-c49564c42f16,cf878c5d-6d3c-4feb-b421-b7e7371f4d48,246a59d2-94bd-4bcc-8e0c-e08d51feacce,"2026-01-05 18:41:47.677073+00",,2
4cd9dea7-d77b-4667-b565-1a0888638639,cf878c5d-6d3c-4feb-b421-b7e7371f4d48,0e855df9-903d-493f-8896-b104f62d75c2,"2026-01-05 18:41:58.863531+00",,2
81cf8eb1-2875-4f74-a84c-74fefdc24630,cf878c5d-6d3c-4feb-b421-b7e7371f4d48,e5bbfe55-be46-4a20-b163-59e080064d01,"2026-01-05 18:42:11.689635+00",,2
9ed374e7-427e-4f3f-9b16-44eb2e7b5676,1d7a21ea-ade7-4aa7-b2cb-5f5b32bd761d,0e855df9-903d-493f-8896-b104f62d75c2,"2026-01-06 00:33:17.267991+00",,2
aa151827-901a-47e6-bf1d-41c3bb53379d,43f038df-49ab-4601-a566-ff2ca5ce849c,246a59d2-94bd-4bcc-8e0c-e08d51feacce,"2026-01-06 01:59:02.075976+00",,2
ddbe0b0d-9816-48f5-a9cb-2a622c0ca3da,25b411b8-f881-43b8-8a7f-225f032e7fd3,6217f28f-e3d2-4bd3-b268-f3501c6cb58b,"2026-01-06 16:24:39.739481+00",,2
2a85e683-2ff4-4a3f-ace5-e8573cad5bc7,e6661d87-fc33-4788-bd0f-2e3fc2473486,246a59d2-94bd-4bcc-8e0c-e08d51feacce,"2026-01-06 21:17:41.840193+00",,2
4a167873-cc7c-4880-a0cf-375fde7a61fd,03a4ac46-214c-4ebd-bc27-38eae02a7770,6217f28f-e3d2-4bd3-b268-f3501c6cb58b,"2026-01-07 14:24:17.50363+00",,2
20559b94-e63b-4acb-b24d-b76e19fc13cc,688e4946-aa29-4fc0-a167-4daf2d3e41ad,6217f28f-e3d2-4bd3-b268-f3501c6cb58b,"2026-01-07 14:59:52.987645+00",,2
1b620ac0-0b35-4196-8b34-cc615c7cdf2a,b4de7177-7df9-44c0-af19-657e69198f51,0e855df9-903d-493f-8896-b104f62d75c2,"2026-01-07 17:54:59.647795+00",,2
f7ecaf12-9774-4ba3-9224-6b71aa24dc4d,b4de7177-7df9-44c0-af19-657e69198f51,e5bbfe55-be46-4a20-b163-59e080064d01,"2026-01-07 17:55:06.654487+00",,2
5c85ee0f-a81d-411f-8afe-e658623fa258,b4de7177-7df9-44c0-af19-657e69198f51,55b10bd6-0409-483e-915d-71856d9e34ef,"2026-01-07 17:55:15.10374+00",,3
5a8b60b8-efbc-433c-9b69-b9f356f6cbb6,416451e3-a57f-4d2d-95e4-634258bd5c68,6217f28f-e3d2-4bd3-b268-f3501c6cb58b,"2026-01-08 00:44:57.100412+00",,2
b9c5c0ad-b520-4ad6-92cb-3fb62f9243df,7fac3d00-e54b-44c5-ad8f-ca754a979680,6217f28f-e3d2-4bd3-b268-f3501c6cb58b,"2026-01-08 00:56:06.981158+00",,2
b9d56883-37f3-40a8-a4bf-0b40adfa5294,aa72071b-8743-4b8a-b22e-47f99f3aba9a,6217f28f-e3d2-4bd3-b268-f3501c6cb58b,"2026-01-08 04:58:16.424597+00",,2
fcfe0cbc-7c31-4b5d-9958-68744fd021bb,107089eb-d780-4f26-adb1-1ffaf66822f9,6217f28f-e3d2-4bd3-b268-f3501c6cb58b,"2026-01-08 17:01:44.468086+00",,2
abf00e54-b59b-457d-a385-ac2ea09a68a6,d3f2b516-b461-4941-beda-9d8443e8362e,a13e05c3-110f-4a84-8ce2-17507bfccd34,"2026-01-08 19:58:24.778104+00",,2
6d1788bc-deef-4fbf-8e96-97a0a5c3b2bc,d3f2b516-b461-4941-beda-9d8443e8362e,957f91b6-89ae-477b-a018-8ed4fe202880,"2026-01-08 19:58:30.484638+00",,2
d33383e4-8c4e-40ec-883f-dabe7498b527,d3f2b516-b461-4941-beda-9d8443e8362e,68e4aaeb-3474-4c4c-a0dd-561d35bb54d7,"2026-01-08 19:58:36.324679+00",,2
46343b18-c8bf-4e30-86c9-ff0f7c37656f,b1145a9a-5391-460b-a5c8-5db9293bd80f,a9b258f2-fcf0-4ff9-ad3b-f880cd43066b,"2026-01-08 22:25:37.636265+00",,2
5fcf0127-dd26-4b79-8b7c-a2bd390c1712,123f4f0d-f9e9-4bcd-81b9-d45121ee60cd,6217f28f-e3d2-4bd3-b268-f3501c6cb58b,"2026-01-08 23:30:42.201445+00",,2
02addd9b-6cdd-4b31-9469-ed2e6c3dbbea,60b8b314-de4f-4f19-9363-0cf5fa2fd7cc,2e0af101-b4a6-486c-990d-b43ebb7ec8af,"2026-01-09 03:42:31.356931+00",,3
126b40b7-358b-4bc3-b5d1-de2b710cfff6,035b23a5-0286-4ac6-8005-99e86e95a586,2e0af101-b4a6-486c-990d-b43ebb7ec8af,"2026-01-09 11:30:42.366659+00",,3
032c420e-0c73-436a-8511-4162ad43d739,870af34f-f29e-4b03-97cc-1a66ff869390,a9b258f2-fcf0-4ff9-ad3b-f880cd43066b,"2026-01-09 18:19:17.230512+00",,2
33fa610e-00e2-4920-8bce-477207f68f06,31c76a52-fd0a-48f2-a1f3-d06b09b412fa,a9b258f2-fcf0-4ff9-ad3b-f880cd43066b,"2026-01-09 18:45:19.012318+00",,2
96b85089-589c-4cc8-b6f7-c28ba9148f72,31c76a52-fd0a-48f2-a1f3-d06b09b412fa,227000fc-02f1-43a0-82f0-895748cf495b,"2026-01-09 18:45:28.005671+00",,2
0136cb1b-7864-4f25-82d8-b4f46ab7fecf,31c76a52-fd0a-48f2-a1f3-d06b09b412fa,10990506-78bf-4e31-99a4-f3283dad93d1,"2026-01-09 18:45:36.552675+00",,2
993201f8-0208-4946-8580-c5417b086a84,31c76a52-fd0a-48f2-a1f3-d06b09b412fa,2abf3ccb-f172-449a-b60e-8cf180d59108,"2026-01-09 18:45:56.154505+00",,2
f3740598-37ae-472e-bf0a-4a2c8676e44c,27acb628-a721-4bf5-8a75-e5ee22824a4f,e3e7cdd4-6b44-4841-bbfc-648c33876b56,"2026-01-09 20:39:34.289857+00",,3
87c3ce73-1b2c-44ae-8dbb-737424c1fa21,11a18deb-f6c3-44cc-8b4a-eaf5dc5cdeb8,0fd2a5f4-8062-489e-8f2c-83538175ffdf,"2026-01-08 16:08:47.095021+00",,2.5
45997092-fd91-42bf-af2d-c296cc499d0b,5e180f5d-9639-42f2-b0c3-5468f2e1da1a,0fd2a5f4-8062-489e-8f2c-83538175ffdf,"2026-01-08 16:08:40.984219+00",,2.5
3173b6da-2469-4a1f-9d6d-004aa37a3a60,f01ecec8-503e-47a3-9955-c8ba6da966b0,0fd2a5f4-8062-489e-8f2c-83538175ffdf,"2026-01-07 20:21:51.80824+00",,2.5
adb8b323-0524-49e3-a5fa-b3da67d90baf,ba2172e1-b439-4084-9d15-f7a737652462,0fd2a5f4-8062-489e-8f2c-83538175ffdf,"2026-01-07 18:57:33.665549+00",,2.25
bb85316f-f5fc-4039-8377-1428bf22d576,d93d78d7-385c-46d5-9137-740744664461,0fd2a5f4-8062-489e-8f2c-83538175ffdf,"2026-01-07 18:30:28.038408+00",,2.25
ba7d2cb8-3ebd-4e25-9ea3-e04577af9d9c,0fe973b4-b2f7-4582-a551-f21514e0c315,0fd2a5f4-8062-489e-8f2c-83538175ffdf,"2026-01-06 20:53:28.213741+00",,2.5
228c5c45-555b-4317-8500-c63cd7523059,6e881ad1-1dd6-48a8-b297-df0b8d76ffea,0fd2a5f4-8062-489e-8f2c-83538175ffdf,"2026-01-05 19:06:10.852209+00",,2.5
1c1f8617-763b-470c-82ac-b2fa1bd5fca6,ad70bfbc-6bf0-4ad8-ac34-9cf06220ffad,0fd2a5f4-8062-489e-8f2c-83538175ffdf,"2026-01-05 18:14:59.757494+00",,2.5
ddc040af-c210-4ed5-a18d-0c0ddb58ba78,03845184-08f5-4fa8-949d-4d29fd81f9bd,0fd2a5f4-8062-489e-8f2c-83538175ffdf,"2026-01-05 02:10:39.873336+00",,2.5
048eaa01-c5bb-4463-bbc9-56fecc98bf44,27acb628-a721-4bf5-8a75-e5ee22824a4f,0fd2a5f4-8062-489e-8f2c-83538175ffdf,"2026-01-05 00:53:19.783568+00",,2.5
c14b6366-652e-46f4-aec0-705c1cafb0da,b9c8c5c0-fe58-4d52-b05a-87f767cf22d7,0fd2a5f4-8062-489e-8f2c-83538175ffdf,"2026-01-04 17:46:11.24111+00",,1
0682aff5-55c8-4194-b504-05a97aff7e62,27fee74f-3b9d-4de4-97f4-dcebd100957f,a9b258f2-fcf0-4ff9-ad3b-f880cd43066b,"2026-01-06 20:46:39.686844+00",,2.5
4a390ce9-c38f-4558-bc05-b48510f4fd66,27acb628-a721-4bf5-8a75-e5ee22824a4f,015ac690-a971-4848-a8e7-d3ae4c8093d3,"2026-01-09 20:39:55.760817+00",,2
a4763137-1494-4c11-8357-193b3495be5d,27acb628-a721-4bf5-8a75-e5ee22824a4f,2e0af101-b4a6-486c-990d-b43ebb7ec8af,"2026-01-09 20:41:07.090931+00",,3
b1340db0-2e65-4974-ba4a-309e4879db41,27acb628-a721-4bf5-8a75-e5ee22824a4f,a479df03-36df-421d-a65c-f1ffd7bbaec7,"2026-01-09 20:41:16.438961+00",,2
86b8f3e7-ae5b-4bb5-9f6b-79c386dd3270,a2b0993d-8963-4742-9c47-cbd9e2f98619,a9b258f2-fcf0-4ff9-ad3b-f880cd43066b,"2026-01-10 02:43:59.811501+00",,2
335eba1b-f06d-4ebe-a184-6708508a4470,e0fda7ac-d0fb-4b30-bef7-288bf47a6cde,957f91b6-89ae-477b-a018-8ed4fe202880,"2026-01-10 07:11:04.166582+00",,2
1e8c9de6-f813-44c6-8762-f911c77f5ce7,f7ddda87-105c-4310-8423-c49668a57033,a479df03-36df-421d-a65c-f1ffd7bbaec7,"2026-01-10 19:40:33.263582+00",,2
f1a641d4-dd3c-446f-9e7f-49142094e1d8,f7ddda87-105c-4310-8423-c49668a57033,b6348a27-db0b-4a64-ba8a-79bcee33fd31,"2026-01-10 19:40:46.368616+00",,2
ffa6b906-8883-46cd-bd1e-2bb3cb84b95d,108fd81e-155f-45f2-8b54-9de2afa181ee,0e855df9-903d-493f-8896-b104f62d75c2,"2026-01-10 19:43:26.296192+00",,2
7ccbfbe4-9f05-4206-a9e2-891b5a743e99,d4938877-bde5-41cb-8fc4-3148ee5f0b7b,a9b258f2-fcf0-4ff9-ad3b-f880cd43066b,"2026-01-10 23:17:17.696819+00",,2
859a1602-69a5-4522-b6ab-49c98af6f2bf,416451e3-a57f-4d2d-95e4-634258bd5c68,0e855df9-903d-493f-8896-b104f62d75c2,"2026-01-11 01:08:58.326518+00",,2
5cf69647-7b9b-4308-a502-d0e3a01c6f02,f4d50bc7-8a26-411e-8d31-5db41c025c71,227000fc-02f1-43a0-82f0-895748cf495b,"2026-01-11 14:18:00.892245+00",,2
3ab4a962-bca3-4e29-87f9-29dcf545f85e,b9c8c5c0-fe58-4d52-b05a-87f767cf22d7,a9b258f2-fcf0-4ff9-ad3b-f880cd43066b,"2026-01-11 18:18:21.729078+00",,2
3ff4216b-6987-402b-a627-076cb012b37d,d2eedcd5-bcde-4b36-85c4-907fc938b7b7,e3e7cdd4-6b44-4841-bbfc-648c33876b56,"2026-01-11 22:14:53.168+00",,3
09a76248-74b1-4280-b8ed-ff1709136640,d2eedcd5-bcde-4b36-85c4-907fc938b7b7,015ac690-a971-4848-a8e7-d3ae4c8093d3,"2026-01-11 22:15:11.073289+00",,2
1f239dd3-794b-4477-9e0d-311261490cbc,123f4f0d-f9e9-4bcd-81b9-d45121ee60cd,0e855df9-903d-493f-8896-b104f62d75c2,"2026-01-12 02:52:44.918486+00",,2
f675c0bb-1e70-409a-a0ae-35223f40c73c,66056da7-0c75-4e37-87c3-88f607e996fe,0e855df9-903d-493f-8896-b104f62d75c2,"2026-01-12 02:58:09.030695+00",,2
ffdf8261-e038-4367-92cf-cc30074687cc,ad70bfbc-6bf0-4ad8-ac34-9cf06220ffad,e3e7cdd4-6b44-4841-bbfc-648c33876b56,"2026-01-12 03:12:36.352683+00",,3
a36a4701-0e0e-4403-83f8-e8cf1222e376,60c33892-0b60-41f7-9086-9ad2d7755e18,0e855df9-903d-493f-8896-b104f62d75c2,"2026-01-12 03:30:48.951653+00",,2
50209993-3d69-41f3-92f0-ae26d9937eae,64a64fc7-654e-4eaa-a733-7659481c4cb5,246a59d2-94bd-4bcc-8e0c-e08d51feacce,"2026-01-12 21:05:49.904145+00",,2
a89370b7-c016-4e71-8680-7a1999f166e2,6c42887f-f2f7-44ba-8c32-ee3c51d22ee8,246a59d2-94bd-4bcc-8e0c-e08d51feacce,"2026-01-12 21:06:27.342834+00",,2
6efc6239-47e4-47d0-9180-0f019a185bfe,b64b8da6-946e-4525-a161-9bd40afc61c6,0e855df9-903d-493f-8896-b104f62d75c2,"2026-01-13 03:06:29.391036+00",,2
4025d6a5-4bb7-4b56-a5e4-1485b1961610,b64b8da6-946e-4525-a161-9bd40afc61c6,e5bbfe55-be46-4a20-b163-59e080064d01,"2026-01-13 03:06:39.386798+00",,2
804bb0b5-d726-4a43-b765-82f4676c835a,27fee74f-3b9d-4de4-97f4-dcebd100957f,0e855df9-903d-493f-8896-b104f62d75c2,"2026-01-13 03:10:09.681706+00",,2
00b39c63-a928-4c48-b458-35bba60e038d,7fac3d00-e54b-44c5-ad8f-ca754a979680,015ac690-a971-4848-a8e7-d3ae4c8093d3,"2026-01-13 03:19:54.549332+00",,2
1418e3d3-90e5-4a63-9e36-e93fae2d91c0,a54364fb-793c-43d3-a38c-948d3f9d345a,e3e7cdd4-6b44-4841-bbfc-648c33876b56,"2026-01-13 03:44:20.69505+00",,3
d7be29e3-5ae1-4e32-9754-7813b07783c6,8799bec9-35d3-4394-8aa5-6aca7bc2e617,e3e7cdd4-6b44-4841-bbfc-648c33876b56,"2026-01-13 04:56:13.776594+00",,3
f626e2e6-5e86-4b6c-b3ed-570f37664027,8799bec9-35d3-4394-8aa5-6aca7bc2e617,2e0af101-b4a6-486c-990d-b43ebb7ec8af,"2026-01-13 04:57:39.415671+00",,3
8f346abb-cf85-4c16-9f78-251ec3145dc5,e6661d87-fc33-4788-bd0f-2e3fc2473486,015ac690-a971-4848-a8e7-d3ae4c8093d3,"2026-01-13 16:18:14.284954+00",,2
aedd9ded-088d-433d-8127-87b5679759e3,a645db1d-11a9-4162-a627-0c53ebb9bf80,e3e7cdd4-6b44-4841-bbfc-648c33876b56,"2026-01-13 23:14:03.842016+00",,3
c76cfbed-c884-47dc-865b-48aad1fc4ec4,0fe973b4-b2f7-4582-a551-f21514e0c315,e3e7cdd4-6b44-4841-bbfc-648c33876b56,"2026-01-14 15:49:48.137589+00",,3
ba14ebbd-19cc-41ab-a66e-751d1752865d,aa72071b-8743-4b8a-b22e-47f99f3aba9a,015ac690-a971-4848-a8e7-d3ae4c8093d3,"2026-01-15 04:40:42.377432+00",,2
a0f7cd4a-274e-4562-a4e7-8bcada7a0727,0cce326f-0031-42ac-b39b-ce185e37f26d,e3e7cdd4-6b44-4841-bbfc-648c33876b56,"2026-01-15 17:20:57.702453+00",,3
2ed9c46c-0f56-4d49-9fa7-6e629bc650d1,b9c8c5c0-fe58-4d52-b05a-87f767cf22d7,e3e7cdd4-6b44-4841-bbfc-648c33876b56,"2026-01-15 18:06:45.063925+00",,3
5f3b67b3-728a-424d-ae38-98eb920ba873,3f72d4c9-7ffd-4678-9a10-1ecab275ae55,2e0af101-b4a6-486c-990d-b43ebb7ec8af,"2026-01-16 15:06:33.405322+00",,3
ca5fc038-90ad-40ea-91f3-d3805ef2fd11,3ab52a6b-8f93-41cf-8c58-2743c28675cc,e3e7cdd4-6b44-4841-bbfc-648c33876b56,"2026-01-16 16:06:08.335512+00",,3
4de50d79-6515-4231-9812-74964a909f84,3a33fd7b-30d2-4e9d-b57f-bb582cb5613e,e3e7cdd4-6b44-4841-bbfc-648c33876b56,"2026-01-16 16:09:57.440012+00",,3
9fcf3f8a-0795-413d-a9da-e1b94d967024,7c85763e-157a-4445-a673-2c3479c8f8ee,015ac690-a971-4848-a8e7-d3ae4c8093d3,"2026-01-16 19:59:31.221302+00",,2
f8acf2b0-f9fe-446a-af8e-8d2c289d929c,76bb1661-2cab-4eba-a1e4-1791e6d66d15,015ac690-a971-4848-a8e7-d3ae4c8093d3,"2026-01-16 20:12:50.277547+00",,2
90c67a20-c585-4bbc-aa12-f9e1ade19eb5,d2a920b9-21bb-4618-b7eb-8f103fe887c7,227000fc-02f1-43a0-82f0-895748cf495b,"2026-01-16 20:51:11.886477+00",,2
dc706e0b-e74c-42f2-a279-d0eadbe3325c,870af34f-f29e-4b03-97cc-1a66ff869390,e3e7cdd4-6b44-4841-bbfc-648c33876b56,"2026-01-17 03:18:42.051685+00",,3
3d827015-175f-4ced-b5d2-8146d96fb5da,870af34f-f29e-4b03-97cc-1a66ff869390,015ac690-a971-4848-a8e7-d3ae4c8093d3,"2026-01-17 03:19:03.943229+00",,2
7f049b89-493a-4a66-a345-8d4c8c3ec0b9,a21883d1-be0c-497e-afa2-92280da208bc,227000fc-02f1-43a0-82f0-895748cf495b,"2026-01-17 05:06:50.400819+00",,2
aba9adce-e335-47d1-a612-fdf3fd1304df,2c7126d6-2b7b-4c31-9daf-b4b2a0198494,227000fc-02f1-43a0-82f0-895748cf495b,"2026-01-17 16:15:57.923442+00",,2
c1f437f0-b645-489e-a90f-84b3c6077f49,e25d80d8-79be-4e54-8937-5b4f16a74951,2e0af101-b4a6-486c-990d-b43ebb7ec8af,"2026-01-17 19:40:16.96167+00",,3
16e52a04-0b85-461c-94ba-e4811814ff38,03a4ac46-214c-4ebd-bc27-38eae02a7770,015ac690-a971-4848-a8e7-d3ae4c8093d3,"2026-01-17 19:41:35.638022+00",,2
0265796f-cbbf-4596-bc0c-8afcf04afebc,7fbbc9c9-8925-49cd-a8c4-977b5031f335,015ac690-a971-4848-a8e7-d3ae4c8093d3,"2026-01-17 19:45:17.893259+00",,2
1490ca5a-6d6c-4f02-955e-894554031e74,e25d80d8-79be-4e54-8937-5b4f16a74951,a479df03-36df-421d-a65c-f1ffd7bbaec7,"2026-01-17 22:14:20.955164+00",,2
aeae09f4-9563-40c2-963e-56e43d1f45e8,64d5cc65-ca9f-4352-ab93-1d2413492586,10990506-78bf-4e31-99a4-f3283dad93d1,"2026-01-18 01:12:55.946237+00",,2
9752ed0e-0c32-4d90-b850-522d94fa7645,9544ffec-f3c4-47df-82fe-a828a5a649aa,227000fc-02f1-43a0-82f0-895748cf495b,"2026-01-18 03:31:55.654746+00",,2
72e06018-7940-497e-a3e0-c80f04608527,eafac27e-c973-40c2-90b9-d8459e41014b,227000fc-02f1-43a0-82f0-895748cf495b,"2026-01-18 03:32:27.692136+00",,2
297b52c6-17b1-46d6-be8b-534010c1430c,a8a18bc5-432a-481c-827f-93855145a279,2e0af101-b4a6-486c-990d-b43ebb7ec8af,"2026-01-18 13:34:12.428961+00",,3